cgpa,internship,project,aptitude_score,communication_score,package
6.2,0,1,58,62,4.5
7.1,1,2,72,70,6.2
8.3,2,3,85,84,9.4
7.8,1,2,78,76,7.1
9.1,2,4,91,90,11.8
,0,1,62,65,5.0
7.5,1,3,75,78,7.0
8.7,2,4,88,86,10.9
5.9,0,1,55,58,4.2
7.3,1,2,69,72,6.1
8.1,2,3,82,80,
6.5,,1,60,61,4.8
9.0,2,4,94,92,12.0
7.7,1,2,77,75,7.4
8.5,2,3,86,88,10.0
6.9,1,2,71,69,6.5
7.2,0,1,65,67,5.8
8.8,2,4,90,91,11.5
6.1,0,1,57,60,4.4
7.9,1,3,80,79,7.8
8.4,2,4,89,87,10.7
7.0,1,2,73,74,6.7
9.2,2,4,96,94,12.5
6.7,0,1,64,66,5.1
8.0,1,2,81,82,8.0
7.6,2,3,76,77,9.1
5.8,0,1,52,55,4.3
8.9,2,4,92,93,12.0
7.4,1,2,70,71,6.9
6.3,0,1,61,63,5.0
8.6,2,4,87,85,10.8
7.8,1,3,79,80,8.2
9.4,2,4,95,96,13.0
6.6,0,1,59,62,4.9
7.1,1,2,68,70,6.0
8.2,2,3,84,83,9.0
7.5,1,2,74,76,7.2
9.0,2,4,91,89,11.5
6.4,0,1,63,65,5.3
8.7,2,3,88,87,10.4
7.9,1,2,83,81,8.4
6.8,0,1,67,68,5.5
8.3,2,4,86,88,10.1
7.2,1,3,71,73,7.0
9.1,2,4,93,91,12.2
6.0,0,1,56,59,4.1
7.7,1,2,78,79,7.7
8.5,2,4,89,90,10.8
6.9,1,2,66,64,6.3
8.8,2,3,90,92,11.2
7.3,0,1,72,71,5.8
9.3,2,4,94,95,10.5
6.5,1,2,75,77,7.5
8.1,2,4,85,86,9.8
7.6,0,1,62,63,5.4
5.7,1,2,69,72,6.8
8.9,2,4,91,89,11.0
7.4,1,3,73,75,7.8
6.2,0,1,58,61,4.7
8.6,2,4,87,88,10.6
7.8,1,2,80,82,8.0
9.0,2,3,92,90,10.9
6.7,0,1,65,67,5.7
8.2,1,2,83,84,9.2
7.0,2,4,70,73,6.5
8.5,1,3,88,86,10.2
6.3,0,1,60,62,5.1
9.2,2,4,95,94,12.4
7.5,1,2,76,78,8.1
8.7,2,4,86,85,10.7
6.8,0,1,68,69,6.0
7.9,1,3,81,80,8.3
8.4,2,4,90,92,10.8
6.1,0,1,54,57,4.6
9.1,2,4,92,90,12.0
7.3,1,2,74,76,7.1
8.8,2,3,89,87,11.3
6.6,0,1,63,65,5.6
7.7,1,2,77,81,7.9
8.3,2,4,85,83,9.7
5.9,0,1,57,60,4.8
8.0,1,2,82,85,8.0
7.2,2,4,71,74,7.0
9.4,2,4,96,95,13.1
6.4,0,1,64,68,5.2
8.6,2,3,88,89,10.5
7.5,1,2,79,80,7.8
9.0,2,4,91,93,11.6
6.9,0,1,67,70,6.4
8.2,1,3,84,86,9.5
7.6,2,4,75,77,7.6
6.5,0,1,61,64,5.7
8.9,2,4,93,91,11.0
7.1,1,2,70,72,6.8
9.2,2,4,95,96,12.1
6.7,0,1,65,66,5.4
8.5,1,3,87,88,10.2
7.8,2,4,78,79,8.1
6.0,0,1,59,61,4.5
8.7,2,4,90,90,10.8
7.4,1,2,73,75,7.2
8.3,2,3,86,88,9.9
6.6,0,1,62,64,5.3
9.0,2,4,94,92,11.9
7.2,1,2,69,71,6.7
8.8,2,4,91,89,11.1
6.3,0,1,58,60,4.9
7.9,1,3,82,83,8.4
8.4,2,4,88,91,10.6
6.8,0,1,66,68,5.6
9.1,2,4,93,95,12.3
7.5,1,2,77,79,7.4
8.6,2,3,89,87,10.3
6.2,0,1,55,59,4.4
8.1,1,2,80,82,8.1
7.7,2,4,74,76,8.0
9.3,2,4,96,94,12.7
6.5,0,1,60,63,5.0
8.9,2,4,92,90,11.4
7.3,1,2,71,73,6.9
